Workbook

Sheet VesselVisitDetails_20260902_091
A4: Displaying 10 item(s) at 2026-09-02
A5: Visit | B5: Vessel Name | C5: Line | D5: Vessel Class | E5: I/B Vyg | F5: O/B Vyg | G5: Phase | H5: Est. Time of Berth | I5: ETD | J5: ETA | K5: ATA | L5: ATD | M5: ATB | N5: Service | O5: Vessel Loa M | P5: BEAM M | Q5: Berthside | R5: Bollard Fore | S5: Bollard Fore offset | T5: Bollard Aft | U5: Bollard Aft offset | V5: Draft Forward | W5: Draft Aft | X5: Est Disch | Y5: Previous Port | Z5: Next Port | AA5: EST Loading | AB5: Additional Moves | AC5: Total Moves | AD5: vessel berth | AE5: Bollard Fore Meter | AF5: Bollard Aft Meter | AG5: LOA Check (Fore-Aft, m)
A6: TSSNTSGP2606W | B6: TS SINGAPORE | C6: TSL | D6: TSSN | E6: TSGP2606W | F6: TSGP2606W | G6: Inbound | H6: 26-Sep-02 0800 | I6: 26-Sep-04 1900 | J6: 30-08-2026 1900 | N6: ADHOC | O6: 260 | P6: 32 | Q6: Starboardside | R6: 1R19 | S6: 6 | T6: 1R2 | U6: 1 | Z6: JIB | AD6: R1 | AE6: =IFERROR(INDEX('Bollard Meter markings'!$B$2:$B$185,MATCH(R6,'Bollard Meter markings'!$A$2:$A$185,0))+S6,"") -> 291 | AF6: =IFERROR(INDEX('Bollard Meter markings'!$B$2:$B$185,MATCH(T6,'Bollard Meter markings'!$A$2:$A$185,0))+U6,"") -> 31 | AG6: =IFERROR(ABS(AE6-AF6)-O6,"") -> 0
A7: TROD25618 | B7: TRANSMAR ODYSSEY | C7: AET | D7: TROD | E7: 25618 | F7: 25618 | G7: Inbound | H7: 26-Sep-02 1800 | I7: 26-Sep-03 1900 | J7: 02-09-2026 1700 | N7: RES | O7: 161 | P7: 25 | Q7: Starboardside | R7: 4B15 | S7: -5 | T7: 4B4 | U7: -1 | X7: 520 | Z7: EGADA | AA7: 400 | AC7: 920 | AD7: B4 | AE7: =IFERROR(INDEX('Bollard Meter markings'!$B$2:$B$185,MATCH(R7,'Bollard Meter markings'!$A$2:$A$185,0))+S7,"") -> 1583 | AF7: =IFERROR(INDEX('Bollard Meter markings'!$B$2:$B$185,MATCH(T7,'Bollard Meter markings'!$A$2:$A$185,0))+U7,"") -> 1422 | AG7: =IFERROR(ABS(AE7-AF7)-O7,"") -> 0
A8: TSMNKRTM2634E | B8: KR TASMAN | C8: CUL | D8: TSMN | E8: KRTM2634E | F8: KRTM2634E | G8: Inbound | H8: 26-Sep-03 0100 | I8: 26-Sep-05 0500 | J8: 2026-09-02 2300 | N8: REX-2 | O8: 192 | P8: 28 | Q8: Starboardside | R8: 6B47 | S8: -9 | T8: 6B36 | U8: 4 | X8: 851 | Y8: PKG | Z8: SOK | AA8: 900 | AC8: =SUM(X8+AA8) -> 1751 | AD8: B6 | AE8: =IFERROR(INDEX('Bollard Meter markings'!$B$2:$B$185,MATCH(R8,'Bollard Meter markings'!$A$2:$A$185,0))+S8,"") -> 2099 | AF8: =IFERROR(INDEX('Bollard Meter markings'!$B$2:$B$185,MATCH(T8,'Bollard Meter markings'!$A$2:$A$185,0))+U8,"") -> 1907 | AG8: =IFERROR(ABS(AE8-AF8)-O8,"") -> 0
A9: DANIIRS03W26 | B9: DANIEL A | C9: ARL | D9: DANI | E9: IRS03W26 | F9: IRS03W26 | G9: Inbound | H9: 26-Sep-03 0200 | I9: 26-Sep-04 0500 | J9: 03-09-2026 0001 | N9: TRI-NB | O9: 155 | P9: 24.5 | Q9: Portside | R9: 4R12 | S9: 4 | T9: 4R23 | U9: -6 | X9: 500 | Y9: AQJ | Z9: NSA | AA9: 657 | AC9: =SUM(X9+AA9) -> 1157 | AD9: R4 | AE9: =IFERROR(INDEX('Bollard Meter markings'!$B$2:$B$185,MATCH(R9,'Bollard Meter markings'!$A$2:$A$185,0))+S9,"") -> 1044 | AF9: =IFERROR(INDEX('Bollard Meter markings'!$B$2:$B$185,MATCH(T9,'Bollard Meter markings'!$A$2:$A$185,0))+U9,"") -> 1199 | AG9: =IFERROR(ABS(AE9-AF9)-O9,"") -> 0
A10: DKUT003 | B10: DEDE KORKUT | C10: ZSL | D10: DKUT | E10: 003 | F10: 003 | G10: Inbound | H10: 26-Sep-03 0600 | I10: 26-Sep-04 1100 | J10: 26-08-2026 1900 | N10: ADHOC | O10: 210 | P10: 31 | Q10: Starboardside | R10: 5B33 | S10: 0 | T10: 5B19 | U10: 0 | X10: 1038 | Z10: JIB | AC10: 1038 | AD10: B5 | AE10: =IFERROR(INDEX('Bollard Meter markings'!$B$2:$B$185,MATCH(R10,'Bollard Meter markings'!$A$2:$A$185,0))+S10,"") -> 1858 | AF10: =IFERROR(INDEX('Bollard Meter markings'!$B$2:$B$185,MATCH(T10,'Bollard Meter markings'!$A$2:$A$185,0))+U10,"") -> 1648 | AG10: =IFERROR(ABS(AE10-AF10)-O10,"") -> 0
A11: SIMOIS636E | B11: MSC SIMONA | C11: MSC | D11: SIMO | E11: IS634R | F11: IS634R | G11: Inbound | H11: 26-Sep-03 1600 | I11: 26-Sep-05 1900 | J11: 2026-09-03 1400 | N11: ADHOC | O11: 366 | P11: 51 | Q11: Starboardside | R11: 3R65 | S11: 0 | T11: 2R37 | U11: -2 | V11: 16.6 | W11: 16.6 | X11: 2136 | Y11: AKI | Z11: JIB | AA11: 2898 | AC11: =SUM(X11+AA11) -> 5034 | AD11: R3 | AE11: =IFERROR(INDEX('Bollard Meter markings'!$B$2:$B$185,MATCH(R11,'Bollard Meter markings'!$A$2:$A$185,0))+S11,"") -> 850 | AF11: =IFERROR(INDEX('Bollard Meter markings'!$B$2:$B$185,MATCH(T11,'Bollard Meter markings'!$A$2:$A$185,0))+U11,"") -> 484 | AG11: =IFERROR(ABS(AE11-AF11)-O11,"") -> 0
A12: TENVTNVN2632E | B12: TEN VENUS | C12: CUL | D12: TENV | E12: TNVN2632E | F12: TNVN2632E | G12: Inbound | H12: 26-Sep-04 0100 | I12: 26-Sep-07 0800 | J12: 2026-09-03 2300 | N12: REX-2 | O12: 175 | P12: 27.5 | Q12: Starboardside | R12: 4B15 | S12: 3 | T12: 4B3 | U12: 7 | X12: 970 | Y12: PKG | Z12: SOK | AA12: 1000 | AC12: =SUM(X12+AA12) -> 1970 | AD12: B4 | AE12: =IFERROR(INDEX('Bollard Meter markings'!$B$2:$B$185,MATCH(R12,'Bollard Meter markings'!$A$2:$A$185,0))+S12,"") -> 1591 | AF12: =IFERROR(INDEX('Bollard Meter markings'!$B$2:$B$185,MATCH(T12,'Bollard Meter markings'!$A$2:$A$185,0))+U12,"") -> 1415 | AG12: =IFERROR(ABS(AE12-AF12)-O12,"") -> 1
A13: CCPE0MXOYE1MA | B13: CMA CGM PELLEAS | C13: CMA | D13: CCPE | E13: 0MXOYE1MA | F13: 0MXOYE1MA | G13: Inbound | H13: 26-Sep-04 0900 | I13: 26-Sep-05 1400 | J13: 04-09-2026 0700 | N13: MEDEX-E | O13: 350 | P13: 42 | Q13: Portside | R13: 4R6 | S13: -4 | T13: 4R29 | U13: 2 | X13: 1129 | Z13: PIR | AA13: 1200 | AC13: =SUM(X13+AA13) -> 2329 | AD13: R4 | AE13: =IFERROR(INDEX('Bollard Meter markings'!$B$2:$B$185,MATCH(R13,'Bollard Meter markings'!$A$2:$A$185,0))+S13,"") -> 946 | AF13: =IFERROR(INDEX('Bollard Meter markings'!$B$2:$B$185,MATCH(T13,'Bollard Meter markings'!$A$2:$A$185,0))+U13,"") -> 1297 | AG13: =IFERROR(ABS(AE13-AF13)-O13,"") -> 1
A14: KHDZKDHZ2636W | B14: KAI DA HONG ZHOU | C14: CUL | D14: KHDZ | E14: KDHZ2636W | F14: KDHZ2636W | G14: Inbound | H14: 26-Sep-04 1300 | I14: 26-Sep-06 0300 | J14: 04-09-2026 1100 | N14: ADHOC | O14: 149 | P14: 24 | Q14: Starboardside | R14: 5B31 | S14: -1 | T14: 5B21 | U14: 1 | X14: 589 | Z14: JIB | AA14: 620 | AC14: =SUM(X14+AA14) -> 1209 | AD14: B5 | AE14: =IFERROR(INDEX('Bollard Meter markings'!$B$2:$B$185,MATCH(R14,'Bollard Meter markings'!$A$2:$A$185,0))+S14,"") -> 1827 | AF14: =IFERROR(INDEX('Bollard Meter markings'!$B$2:$B$185,MATCH(T14,'Bollard Meter markings'!$A$2:$A$185,0))+U14,"") -> 1679 | AG14: =IFERROR(ABS(AE14-AF14)-O14,"") -> -1
A15: CMAPPHXSSSE19 | B15: CMA CGM MAPUTO | C15: CMA | D15: CMAP | E15: PHXSSSE19 | F15: PHXSSSE19 | G15: Inbound | H15: 26-Sep-04 2100 | I15: 26-Sep-06 0700 | J15: 04-09-2026 1900 | N15: MED5 | O15: 175 | P15: 27 | Q15: Starboardside | R15: 1R17 | S15: -7 | T15: 1R5 | U15: -2 | X15: 394 | Z15: SHK | AA15: 1375 | AC15: =SUM(X15+AA15) -> 1769 | AD15: R1 | AE15: =IFERROR(INDEX('Bollard Meter markings'!$B$2:$B$185,MATCH(R15,'Bollard Meter markings'!$A$2:$A$185,0))+S15,"") -> 248 | AF15: =IFERROR(INDEX('Bollard Meter markings'!$B$2:$B$185,MATCH(T15,'Bollard Meter markings'!$A$2:$A$185,0))+U15,"") -> 73 | AG15: =IFERROR(ABS(AE15-AF15)-O15,"") -> 0
A16: APOLRX2030E19 | B16: CMA CGM APOLLON | C16: CMA | D16: APOL | E16: RX2030E19 | F16: RX2030E19 | G16: Working | H16: 26-Sep-02 1800 | I16: 26-Sep-03 2000 | J16: 28-08-2026 2300 | K16: 26-Aug-31 0350 | M16: 2026-08-31 0320 | N16: RES2EB | O16: 366 | Q16: Starboardside | R16: 3R65 | S16: 0 | T16: 2R37 | U16: -2 | V16: 14.2 | W16: 14.2 | X16: 2888 | Y16: JIB | Z16: SOK | AA16: 1586 | AC16: =SUM(X16+AA16) -> 4474 | AD16: R3 | AE16: =IFERROR(INDEX('Bollard Meter markings'!$B$2:$B$185,MATCH(R16,'Bollard Meter markings'!$A$2:$A$185,0))+S16,"") -> 850 | AF16: =IFERROR(INDEX('Bollard Meter markings'!$B$2:$B$185,MATCH(T16,'Bollard Meter markings'!$A$2:$A$185,0))+U16,"") -> 484 | AG16: =IFERROR(ABS(AE16-AF16)-O16,"") -> 0
A17: CHMNCUHM2635W | B17: CUL HUMEN | C17: CUL | D17: CHMN | E17: CUHM2635W | F17: CUHM2635W | G17: Working | H17: 26-Sep-01 1000 | I17: 26-Sep-03 0300 | J17: 2026-09-01 0300 | K17: 26-Sep-01 1032 | M17: 01-09-2026 1000 | N17: REX-2 | O17: 184 | Q17: Portside | R17: 4R11 | S17: 5 | T17: 4R24 | U17: -7 | V17: 9.1 | W17: 9.5 | X17: 746 | Y17: PKG | Z17: SOK | AA17: 642 | AC17: =SUM(X17+AA17) -> 1388 | AD17: R4 | AE17: =IFERROR(INDEX('Bollard Meter markings'!$B$2:$B$185,MATCH(R17,'Bollard Meter markings'!$A$2:$A$185,0))+S17,"") -> 1030 | AF17: =IFERROR(INDEX('Bollard Meter markings'!$B$2:$B$185,MATCH(T17,'Bollard Meter markings'!$A$2:$A$185,0))+U17,"") -> 1213 | AG17: =IFERROR(ABS(AE17-AF17)-O17,"") -> -1
A18: LDRB2602S | B18: LDR BEDEL | C18: OVP | D18: LDRB | E18: 2602N | F18: 2602N | G18: Working | H18: 26-Sep-01 1600 | I18: 26-Sep-03 0400 | J18: 01-09-2026 1100 | K18: 26-Sep-01 1715 | M18: 01-09-2026 1700 | N18: ADHOC | O18: 113 | Q18: Starboardside | R18: 5B30 | S18: -3 | T18: 5B22 | U18: 3 | V18: 6.6 | W18: 7.7 | X18: 175 | Z18: JIB | AA18: 63 | AC18: =SUM(X18+AA18) -> 238 | AD18: B5 | AE18: =IFERROR(INDEX('Bollard Meter markings'!$B$2:$B$185,MATCH(R18,'Bollard Meter markings'!$A$2:$A$185,0))+S18,"") -> 1810 | AF18: =IFERROR(INDEX('Bollard Meter markings'!$B$2:$B$185,MATCH(T18,'Bollard Meter markings'!$A$2:$A$185,0))+U18,"") -> 1696 | AG18: =IFERROR(ABS(AE18-AF18)-O18,"") -> 1

Sheet Bollard Meter markings
A1: Bollard number | B1: meter mark
A2: 1R1 | B2: 15
A3: 1R2 | B3: 30
A4: 1R3 | B4: 45
A5: 1R4 | B5: 60
A6: 1R5 | B6: 75
A7: 1R6 | B7: 90
A8: 1R7 | B8: 105
A9: 1R8 | B9: 120
A10: 1R9 | B10: 135
A11: 1R10 | B11: 150
A12: 1R11 | B12: 165
A13: 1R12 | B13: 180
... A185: 8B34 | B185: 2638
